consolidated_file,source_relative_path,source_group,narrative_bucket,priority,bytes_size
all_sources/experiments_figures__experiments__figures__Tiles_MAMBA_architecture.png,experiments/figures/Tiles_MAMBA_architecture.png,experiments_figures,context_method,archive,357648
all_sources/experiments_figures__experiments__figures__Tiles_TRANSFORMER_architecture.png,experiments/figures/Tiles_TRANSFORMER_architecture.png,experiments_figures,context_method,archive,780837
all_sources/experiments_figures__experiments__figures__Tiles_UNET_architecture.png,experiments/figures/Tiles_UNET_architecture.png,experiments_figures,context_method,archive,830902
all_sources/experiments_figures__experiments__figures__tiles_error_map.png,experiments/figures/tiles_error_map.png,experiments_figures,context_method,archive,440415
all_sources/imagenes__imagenes__F1_method_overview.png,imagenes/F1_method_overview.png,imagenes,context_method,primary,545990
all_sources/imagenes__imagenes__F2_architecture_mamba.pdf,imagenes/F2_architecture_mamba.pdf,imagenes,context_method,primary,25252
all_sources/imagenes__imagenes__F2_architecture_mamba.png,imagenes/F2_architecture_mamba.png,imagenes,context_method,primary,753639
all_sources/imagenes__imagenes__F3_study_area_map.pdf,imagenes/F3_study_area_map.pdf,imagenes,context_method,primary,29833
all_sources/imagenes__imagenes__F3_study_area_map.png,imagenes/F3_study_area_map.png,imagenes,context_method,primary,173085
all_sources/legacy_pdf__figures__pdf__fig03_spatial_error_maps.pdf,figures/pdf/fig03_spatial_error_maps.pdf,legacy_pdf,context_method,secondary,132033
all_sources/legacy_png__figures__png__fig03_spatial_error_maps.png,figures/png/fig03_spatial_error_maps.png,legacy_png,context_method,secondary,274425
all_sources/experiments_figures__experiments__figures__fig07_hourly_field_evolution_mamba_2017-08-15_best2.gif,experiments/figures/fig07_hourly_field_evolution_mamba_2017-08-15_best2.gif,experiments_figures,cs1_heatwave,archive,2988679
all_sources/experiments_figures__experiments__figures__fig07_hourly_field_evolution_mamba_2017-08-15_best2_summary.png,experiments/figures/fig07_hourly_field_evolution_mamba_2017-08-15_best2_summary.png,experiments_figures,cs1_heatwave,archive,146307
all_sources/experiments_figures__experiments__figures__fig07_hourly_field_evolution_transformer_2017-08-15_retrained.gif,experiments/figures/fig07_hourly_field_evolution_transformer_2017-08-15_retrained.gif,experiments_figures,cs1_heatwave,archive,3026431
all_sources/experiments_figures__experiments__figures__fig07_hourly_field_evolution_transformer_2017-08-15_retrained_summary.png,experiments/figures/fig07_hourly_field_evolution_transformer_2017-08-15_retrained_summary.png,experiments_figures,cs1_heatwave,archive,150245
all_sources/experiments_figures__experiments__figures__fig07_hourly_field_evolution_unet_2017-08-15_best2.gif,experiments/figures/fig07_hourly_field_evolution_unet_2017-08-15_best2.gif,experiments_figures,cs1_heatwave,archive,3017850
all_sources/experiments_figures__experiments__figures__fig07_hourly_field_evolution_unet_2017-08-15_best2_summary.png,experiments/figures/fig07_hourly_field_evolution_unet_2017-08-15_best2_summary.png,experiments_figures,cs1_heatwave,archive,149412
all_sources/experiments_figures__experiments__figures__fig08_hourly_top2_side_by_side_mamba_unet_2017-08-15_best2.gif,experiments/figures/fig08_hourly_top2_side_by_side_mamba_unet_2017-08-15_best2.gif,experiments_figures,cs1_heatwave,archive,1831584
all_sources/experiments_figures__experiments__figures__fig08_hourly_top2_side_by_side_mamba_unet_2017-08-15_best2_summary.png,experiments/figures/fig08_hourly_top2_side_by_side_mamba_unet_2017-08-15_best2_summary.png,experiments_figures,cs1_heatwave,archive,111404
all_sources/paper_final__experiments__eval_outputs__paper_figures_final__fig_cs1_heatwave_performance.pdf,experiments/eval_outputs/paper_figures_final/fig_cs1_heatwave_performance.pdf,paper_final,cs1_heatwave,primary,16361
all_sources/paper_final__experiments__eval_outputs__paper_figures_final__fig_cs1_heatwave_performance.png,experiments/eval_outputs/paper_figures_final/fig_cs1_heatwave_performance.png,paper_final,cs1_heatwave,primary,338684
all_sources/repro_v2__figures__repro_v2__fig_v2_cs1_heatwave_storyboard.pdf,figures/repro_v2/fig_v2_cs1_heatwave_storyboard.pdf,repro_v2,cs1_heatwave,primary,401471
all_sources/repro_v2__figures__repro_v2__fig_v2_cs1_heatwave_storyboard.png,figures/repro_v2/fig_v2_cs1_heatwave_storyboard.png,repro_v2,cs1_heatwave,primary,919027
all_sources/legacy_pdf__figures__pdf__fig07_hourly_field_evolution.pdf,figures/pdf/fig07_hourly_field_evolution.pdf,legacy_pdf,cs1_heatwave,secondary,431289
all_sources/legacy_pdf__figures__pdf__fig07_hourly_field_evolution_dummy_v2.pdf,figures/pdf/fig07_hourly_field_evolution_dummy_v2.pdf,legacy_pdf,cs1_heatwave,secondary,176415
all_sources/legacy_pdf__figures__pdf__fig07_hourly_field_evolution_real.pdf,figures/pdf/fig07_hourly_field_evolution_real.pdf,legacy_pdf,cs1_heatwave,secondary,431289
all_sources/legacy_pdf__figures__pdf__fig08_hourly_top2_side_by_side.pdf,figures/pdf/fig08_hourly_top2_side_by_side.pdf,legacy_pdf,cs1_heatwave,secondary,201801
all_sources/legacy_pdf__figures__pdf__fig08_hourly_top2_side_by_side_dummy_v2.pdf,figures/pdf/fig08_hourly_top2_side_by_side_dummy_v2.pdf,legacy_pdf,cs1_heatwave,secondary,99333
all_sources/legacy_pdf__figures__pdf__fig08_hourly_top2_side_by_side_real.pdf,figures/pdf/fig08_hourly_top2_side_by_side_real.pdf,legacy_pdf,cs1_heatwave,secondary,201801
all_sources/legacy_pdf__figures__pdf__fig12_heatwave_case_study.pdf,figures/pdf/fig12_heatwave_case_study.pdf,legacy_pdf,cs1_heatwave,secondary,194958
all_sources/legacy_png__figures__png__fig07_hourly_field_evolution.png,figures/png/fig07_hourly_field_evolution.png,legacy_png,cs1_heatwave,secondary,1180181
all_sources/legacy_png__figures__png__fig07_hourly_field_evolution_dummy_v2.png,figures/png/fig07_hourly_field_evolution_dummy_v2.png,legacy_png,cs1_heatwave,secondary,763892
all_sources/legacy_png__figures__png__fig07_hourly_field_evolution_real.png,figures/png/fig07_hourly_field_evolution_real.png,legacy_png,cs1_heatwave,secondary,1180181
all_sources/legacy_png__figures__png__fig08_hourly_top2_side_by_side.png,figures/png/fig08_hourly_top2_side_by_side.png,legacy_png,cs1_heatwave,secondary,514735
all_sources/legacy_png__figures__png__fig08_hourly_top2_side_by_side_dummy_v2.png,figures/png/fig08_hourly_top2_side_by_side_dummy_v2.png,legacy_png,cs1_heatwave,secondary,362669
all_sources/legacy_png__figures__png__fig08_hourly_top2_side_by_side_real.png,figures/png/fig08_hourly_top2_side_by_side_real.png,legacy_png,cs1_heatwave,secondary,514735
all_sources/legacy_png__figures__png__fig12_heatwave_case_study.png,figures/png/fig12_heatwave_case_study.png,legacy_png,cs1_heatwave,secondary,528827
all_sources/presentation__experiments__presentation_figures__fig07_hourly_field_evolution_mamba_2017-08-15_PUB.gif,experiments/presentation_figures/fig07_hourly_field_evolution_mamba_2017-08-15_PUB.gif,presentation,cs1_heatwave,secondary,2950662
all_sources/presentation__experiments__presentation_figures__fig07_hourly_field_evolution_mamba_2017-08-15_PUB_summary.png,experiments/presentation_figures/fig07_hourly_field_evolution_mamba_2017-08-15_PUB_summary.png,presentation,cs1_heatwave,secondary,145829
all_sources/presentation__experiments__presentation_figures__fig07_hourly_field_evolution_unet_2017-08-15_PUB.gif,experiments/presentation_figures/fig07_hourly_field_evolution_unet_2017-08-15_PUB.gif,presentation,cs1_heatwave,secondary,3061336
all_sources/presentation__experiments__presentation_figures__fig07_hourly_field_evolution_unet_2017-08-15_PUB_summary.png,experiments/presentation_figures/fig07_hourly_field_evolution_unet_2017-08-15_PUB_summary.png,presentation,cs1_heatwave,secondary,148142
all_sources/presentation__experiments__presentation_figures__fig08_hourly_top2_side_by_side_mamba_unet_2017-08-15_PUB.gif,experiments/presentation_figures/fig08_hourly_top2_side_by_side_mamba_unet_2017-08-15_PUB.gif,presentation,cs1_heatwave,secondary,1934715
all_sources/presentation__experiments__presentation_figures__fig08_hourly_top2_side_by_side_mamba_unet_2017-08-15_PUB_summary.png,experiments/presentation_figures/fig08_hourly_top2_side_by_side_mamba_unet_2017-08-15_PUB_summary.png,presentation,cs1_heatwave,secondary,110389
all_sources/presentation__experiments__presentation_figures__fig12_heatwave_case_study.png,experiments/presentation_figures/fig12_heatwave_case_study.png,presentation,cs1_heatwave,secondary,1025735
all_sources/imagenes__imagenes__F6_casestudy2_persistence.png,imagenes/F6_casestudy2_persistence.png,imagenes,cs2a_night_cooling,primary,182974
all_sources/imagenes__imagenes__F7_casestudy2_cooling_maps.pdf,imagenes/F7_casestudy2_cooling_maps.pdf,imagenes,cs2a_night_cooling,primary,113059
all_sources/imagenes__imagenes__F7_casestudy2_cooling_maps.png,imagenes/F7_casestudy2_cooling_maps.png,imagenes,cs2a_night_cooling,primary,625439
all_sources/imagenes__imagenes__F10_robustness_analysis.pdf,imagenes/F10_robustness_analysis.pdf,imagenes,cs2b_robustness,primary,37024
all_sources/imagenes__imagenes__F10_robustness_analysis.png,imagenes/F10_robustness_analysis.png,imagenes,cs2b_robustness,primary,344502
all_sources/paper_final__experiments__eval_outputs__paper_figures_final__fig_cs2_montecarlo_robustness.pdf,experiments/eval_outputs/paper_figures_final/fig_cs2_montecarlo_robustness.pdf,paper_final,cs2b_robustness,primary,19497
all_sources/paper_final__experiments__eval_outputs__paper_figures_final__fig_cs2_montecarlo_robustness.png,experiments/eval_outputs/paper_figures_final/fig_cs2_montecarlo_robustness.png,paper_final,cs2b_robustness,primary,457198
all_sources/repro_v2__figures__repro_v2__fig_v2_cs2_robustness_curve.pdf,figures/repro_v2/fig_v2_cs2_robustness_curve.pdf,repro_v2,cs2b_robustness,primary,19497
all_sources/repro_v2__figures__repro_v2__fig_v2_cs2_robustness_curve.png,figures/repro_v2/fig_v2_cs2_robustness_curve.png,repro_v2,cs2b_robustness,primary,457198
all_sources/experiments_figures__experiments__figures__fig02_qualitative_maps.png,experiments/figures/fig02_qualitative_maps.png,experiments_figures,exp1_spatial,archive,804691
all_sources/imagenes__imagenes__F4_experiment1_metrics.png,imagenes/F4_experiment1_metrics.png,imagenes,exp1_spatial,primary,263374
all_sources/imagenes__imagenes__F5_experiment1_qualitative.png,imagenes/F5_experiment1_qualitative.png,imagenes,exp1_spatial,primary,901744
all_sources/paper_final__experiments__eval_outputs__paper_figures_final__fig_cs1_qualitative_mamba_vs_baseline.pdf,experiments/eval_outputs/paper_figures_final/fig_cs1_qualitative_mamba_vs_baseline.pdf,paper_final,exp1_spatial,primary,1216378
all_sources/paper_final__experiments__eval_outputs__paper_figures_final__fig_cs1_qualitative_mamba_vs_baseline.png,experiments/eval_outputs/paper_figures_final/fig_cs1_qualitative_mamba_vs_baseline.png,paper_final,exp1_spatial,primary,1028409
all_sources/paper_final__experiments__eval_outputs__paper_figures_final__fig_exp1_qualitative_mamba_vs_bilinear.pdf,experiments/eval_outputs/paper_figures_final/fig_exp1_qualitative_mamba_vs_bilinear.pdf,paper_final,exp1_spatial,primary,1553278
all_sources/paper_final__experiments__eval_outputs__paper_figures_final__fig_exp1_qualitative_mamba_vs_bilinear.png,experiments/eval_outputs/paper_figures_final/fig_exp1_qualitative_mamba_vs_bilinear.png,paper_final,exp1_spatial,primary,1239922
all_sources/paper_final__experiments__eval_outputs__paper_figures_final__fig_exp1_spatial_performance.pdf,experiments/eval_outputs/paper_figures_final/fig_exp1_spatial_performance.pdf,paper_final,exp1_spatial,primary,17908
all_sources/paper_final__experiments__eval_outputs__paper_figures_final__fig_exp1_spatial_performance.png,experiments/eval_outputs/paper_figures_final/fig_exp1_spatial_performance.png,paper_final,exp1_spatial,primary,443827
all_sources/repro_v2__figures__repro_v2__fig_v2_exp1_day_night_model_grid.pdf,figures/repro_v2/fig_v2_exp1_day_night_model_grid.pdf,repro_v2,exp1_spatial,primary,580588
all_sources/repro_v2__figures__repro_v2__fig_v2_exp1_day_night_model_grid.png,figures/repro_v2/fig_v2_exp1_day_night_model_grid.png,repro_v2,exp1_spatial,primary,1047481
all_sources/repro_v2__figures__repro_v2__fig_v2_exp1_mamba_vs_bilinear_delta.pdf,figures/repro_v2/fig_v2_exp1_mamba_vs_bilinear_delta.pdf,repro_v2,exp1_spatial,primary,186757
all_sources/repro_v2__figures__repro_v2__fig_v2_exp1_mamba_vs_bilinear_delta.png,figures/repro_v2/fig_v2_exp1_mamba_vs_bilinear_delta.png,repro_v2,exp1_spatial,primary,514670
all_sources/legacy_pdf__figures__pdf__fig02_qualitative_maps.pdf,figures/pdf/fig02_qualitative_maps.pdf,legacy_pdf,exp1_spatial,secondary,161235
all_sources/legacy_png__figures__png__fig02_qualitative_maps.png,figures/png/fig02_qualitative_maps.png,legacy_png,exp1_spatial,secondary,520561
all_sources/presentation__experiments__presentation_figures__fig_b_qualitative_grid.png,experiments/presentation_figures/fig_b_qualitative_grid.png,presentation,exp1_spatial,secondary,811302
all_sources/imagenes__imagenes__F9_station_validation.png,imagenes/F9_station_validation.png,imagenes,exp2_stations,primary,933026
all_sources/paper_final__experiments__eval_outputs__paper_figures_final__fig_exp2_scatter_mamba_vs_bilinear.pdf,experiments/eval_outputs/paper_figures_final/fig_exp2_scatter_mamba_vs_bilinear.pdf,paper_final,exp2_stations,primary,1537476
all_sources/paper_final__experiments__eval_outputs__paper_figures_final__fig_exp2_scatter_mamba_vs_bilinear.png,experiments/eval_outputs/paper_figures_final/fig_exp2_scatter_mamba_vs_bilinear.png,paper_final,exp2_stations,primary,1679938
all_sources/paper_final__experiments__eval_outputs__paper_figures_final__fig_exp2_station_rmse_segments.pdf,experiments/eval_outputs/paper_figures_final/fig_exp2_station_rmse_segments.pdf,paper_final,exp2_stations,primary,15838
all_sources/paper_final__experiments__eval_outputs__paper_figures_final__fig_exp2_station_rmse_segments.png,experiments/eval_outputs/paper_figures_final/fig_exp2_station_rmse_segments.png,paper_final,exp2_stations,primary,400839
all_sources/repro_v2__figures__repro_v2__fig_v2_exp2_segment_rmse.pdf,figures/repro_v2/fig_v2_exp2_segment_rmse.pdf,repro_v2,exp2_stations,primary,17539
all_sources/repro_v2__figures__repro_v2__fig_v2_exp2_segment_rmse.png,figures/repro_v2/fig_v2_exp2_segment_rmse.png,repro_v2,exp2_stations,primary,310521
all_sources/repro_v2__figures__repro_v2__fig_v2_exp2_station_mae_heatmap.pdf,figures/repro_v2/fig_v2_exp2_station_mae_heatmap.pdf,repro_v2,exp2_stations,primary,82686
all_sources/repro_v2__figures__repro_v2__fig_v2_exp2_station_mae_heatmap.png,figures/repro_v2/fig_v2_exp2_station_mae_heatmap.png,repro_v2,exp2_stations,primary,376907
all_sources/legacy_pdf__figures__pdf__fig04_mae_comparison_stations_all.pdf,figures/pdf/fig04_mae_comparison_stations_all.pdf,legacy_pdf,exp2_stations,secondary,48675
all_sources/legacy_pdf__figures__pdf__fig05_timeseries_stations.pdf,figures/pdf/fig05_timeseries_stations.pdf,legacy_pdf,exp2_stations,secondary,62293
all_sources/legacy_pdf__figures__pdf__fig05_timeseries_stations_real.pdf,figures/pdf/fig05_timeseries_stations_real.pdf,legacy_pdf,exp2_stations,secondary,81955
all_sources/legacy_pdf__figures__pdf__fig05_timeseries_stations_real_improved.pdf,figures/pdf/fig05_timeseries_stations_real_improved.pdf,legacy_pdf,exp2_stations,secondary,83188
all_sources/legacy_png__figures__png__fig04_mae_comparison_stations_all.png,figures/png/fig04_mae_comparison_stations_all.png,legacy_png,exp2_stations,secondary,105617
all_sources/legacy_png__figures__png__fig05_timeseries_stations.png,figures/png/fig05_timeseries_stations.png,legacy_png,exp2_stations,secondary,689034
all_sources/legacy_png__figures__png__fig05_timeseries_stations_real.png,figures/png/fig05_timeseries_stations_real.png,legacy_png,exp2_stations,secondary,933875
all_sources/legacy_png__figures__png__fig05_timeseries_stations_real_improved.png,figures/png/fig05_timeseries_stations_real_improved.png,legacy_png,exp2_stations,secondary,970551
all_sources/experiments_figures__experiments__figures__Ablation_LSTM_Legacy_architecture.png,experiments/figures/Ablation_LSTM_Legacy_architecture.png,experiments_figures,exp3_ablation,archive,686935
all_sources/experiments_figures__experiments__figures__Ablation_MAMBA_Legacy_S42_SEQ12_architecture.png,experiments/figures/Ablation_MAMBA_Legacy_S42_SEQ12_architecture.png,experiments_figures,exp3_ablation,archive,347734
all_sources/experiments_figures__experiments__figures__Ablation_TRANSFORMER_Legacy_architecture.png,experiments/figures/Ablation_TRANSFORMER_Legacy_architecture.png,experiments_figures,exp3_ablation,archive,789310
all_sources/experiments_figures__experiments__figures__Ablation_UNET_Legacy_architecture.png,experiments/figures/Ablation_UNET_Legacy_architecture.png,experiments_figures,exp3_ablation,archive,744566
all_sources/experiments_figures__experiments__figures__batch_compare_all__Ablation_LSTM_Legacy_best_ALL_Ablation_LSTM_Legacy_best.png,experiments/figures/batch_compare_all/Ablation_LSTM_Legacy_best_ALL_Ablation_LSTM_Legacy_best.png,experiments_figures,exp3_ablation,archive,446762
all_sources/experiments_figures__experiments__figures__batch_compare_all__Ablation_LSTM_best_ALL_Ablation_LSTM_best.png,experiments/figures/batch_compare_all/Ablation_LSTM_best_ALL_Ablation_LSTM_best.png,experiments_figures,exp3_ablation,archive,449304
all_sources/experiments_figures__experiments__figures__batch_compare_all__Ablation_MAMBA_Legacy_best_ALL_Ablation_MAMBA_Legacy_best.png,experiments/figures/batch_compare_all/Ablation_MAMBA_Legacy_best_ALL_Ablation_MAMBA_Legacy_best.png,experiments_figures,exp3_ablation,archive,405361
all_sources/experiments_figures__experiments__figures__batch_compare_all__Ablation_UNET_Legacy_best_ALL_Ablation_UNET_Legacy_best.png,experiments/figures/batch_compare_all/Ablation_UNET_Legacy_best_ALL_Ablation_UNET_Legacy_best.png,experiments_figures,exp3_ablation,archive,437926
all_sources/experiments_figures__experiments__figures__batch_compare_all__Ablation_UNET_best_ALL_Ablation_UNET_best.png,experiments/figures/batch_compare_all/Ablation_UNET_best_ALL_Ablation_UNET_best.png,experiments_figures,exp3_ablation,archive,445764
all_sources/experiments_figures__experiments__figures__batch_compare_all_v2__Ablation_LSTM_Legacy_best_ALL2_Ablation_LSTM_Legacy_best.png,experiments/figures/batch_compare_all_v2/Ablation_LSTM_Legacy_best_ALL2_Ablation_LSTM_Legacy_best.png,experiments_figures,exp3_ablation,archive,447223
all_sources/experiments_figures__experiments__figures__batch_compare_all_v2__Ablation_LSTM_best_ALL2_Ablation_LSTM_best.png,experiments/figures/batch_compare_all_v2/Ablation_LSTM_best_ALL2_Ablation_LSTM_best.png,experiments_figures,exp3_ablation,archive,449739
all_sources/experiments_figures__experiments__figures__batch_compare_all_v2__Ablation_MAMBA_Legacy_best_ALL2_Ablation_MAMBA_Legacy_best.png,experiments/figures/batch_compare_all_v2/Ablation_MAMBA_Legacy_best_ALL2_Ablation_MAMBA_Legacy_best.png,experiments_figures,exp3_ablation,archive,405723
all_sources/experiments_figures__experiments__figures__batch_compare_all_v2__Ablation_TRANSFORMER_Legacy_best_ALL2_Ablation_TRANSFORMER_Legacy_best.png,experiments/figures/batch_compare_all_v2/Ablation_TRANSFORMER_Legacy_best_ALL2_Ablation_TRANSFORMER_Legacy_best.png,experiments_figures,exp3_ablation,archive,435213
all_sources/experiments_figures__experiments__figures__batch_compare_all_v2__Ablation_UNET_Legacy_best_ALL2_Ablation_UNET_Legacy_best.png,experiments/figures/batch_compare_all_v2/Ablation_UNET_Legacy_best_ALL2_Ablation_UNET_Legacy_best.png,experiments_figures,exp3_ablation,archive,438335
all_sources/experiments_figures__experiments__figures__batch_compare_all_v2__Ablation_UNET_best_ALL2_Ablation_UNET_best.png,experiments/figures/batch_compare_all_v2/Ablation_UNET_best_ALL2_Ablation_UNET_best.png,experiments_figures,exp3_ablation,archive,446181
all_sources/experiments_figures__experiments__figures__p95_mamba_seq_compare_20260226_171451__P95_MAMBA_S42_SEQ12_2017-06-28_01_00_00_P95_MAMBA_S42_SEQ12_2017-06-28_01_00_00.png,experiments/figures/p95_mamba_seq_compare_20260226_171451/P95_MAMBA_S42_SEQ12_2017-06-28_01_00_00_P95_MAMBA_S42_SEQ12_2017-06-28_01_00_00.png,experiments_figures,exp3_ablation,archive,254790
all_sources/experiments_figures__experiments__figures__p95_mamba_seq_compare_20260226_171451__P95_MAMBA_S42_SEQ12_2017-06-28_15_00_00_P95_MAMBA_S42_SEQ12_2017-06-28_15_00_00.png,experiments/figures/p95_mamba_seq_compare_20260226_171451/P95_MAMBA_S42_SEQ12_2017-06-28_15_00_00_P95_MAMBA_S42_SEQ12_2017-06-28_15_00_00.png,experiments_figures,exp3_ablation,archive,246411
all_sources/experiments_figures__experiments__figures__p95_mamba_seq_compare_20260226_171451__P95_MAMBA_S42_SEQ12_2017-07-13_02_00_00_P95_MAMBA_S42_SEQ12_2017-07-13_02_00_00.png,experiments/figures/p95_mamba_seq_compare_20260226_171451/P95_MAMBA_S42_SEQ12_2017-07-13_02_00_00_P95_MAMBA_S42_SEQ12_2017-07-13_02_00_00.png,experiments_figures,exp3_ablation,archive,218406
all_sources/experiments_figures__experiments__figures__p95_mamba_seq_compare_20260226_171451__P95_MAMBA_S42_SEQ12_2017-07-13_16_00_00_P95_MAMBA_S42_SEQ12_2017-07-13_16_00_00.png,experiments/figures/p95_mamba_seq_compare_20260226_171451/P95_MAMBA_S42_SEQ12_2017-07-13_16_00_00_P95_MAMBA_S42_SEQ12_2017-07-13_16_00_00.png,experiments_figures,exp3_ablation,archive,260573
all_sources/experiments_figures__experiments__figures__p95_mamba_seq_compare_20260226_171451__P95_MAMBA_S42_SEQ12_2017-08-15_03_00_00_P95_MAMBA_S42_SEQ12_2017-08-15_03_00_00.png,experiments/figures/p95_mamba_seq_compare_20260226_171451/P95_MAMBA_S42_SEQ12_2017-08-15_03_00_00_P95_MAMBA_S42_SEQ12_2017-08-15_03_00_00.png,experiments_figures,exp3_ablation,archive,266268
all_sources/experiments_figures__experiments__figures__p95_mamba_seq_compare_20260226_171451__P95_MAMBA_S42_SEQ12_2017-08-15_15_00_00_P95_MAMBA_S42_SEQ12_2017-08-15_15_00_00.png,experiments/figures/p95_mamba_seq_compare_20260226_171451/P95_MAMBA_S42_SEQ12_2017-08-15_15_00_00_P95_MAMBA_S42_SEQ12_2017-08-15_15_00_00.png,experiments_figures,exp3_ablation,archive,232243
all_sources/experiments_figures__experiments__figures__p95_mamba_seq_compare_20260226_171451__P95_MAMBA_S42_SEQ6_2017-06-28_01_00_00_P95_MAMBA_S42_SEQ6_2017-06-28_01_00_00.png,experiments/figures/p95_mamba_seq_compare_20260226_171451/P95_MAMBA_S42_SEQ6_2017-06-28_01_00_00_P95_MAMBA_S42_SEQ6_2017-06-28_01_00_00.png,experiments_figures,exp3_ablation,archive,259372
all_sources/experiments_figures__experiments__figures__p95_mamba_seq_compare_20260226_171451__P95_MAMBA_S42_SEQ6_2017-06-28_15_00_00_P95_MAMBA_S42_SEQ6_2017-06-28_15_00_00.png,experiments/figures/p95_mamba_seq_compare_20260226_171451/P95_MAMBA_S42_SEQ6_2017-06-28_15_00_00_P95_MAMBA_S42_SEQ6_2017-06-28_15_00_00.png,experiments_figures,exp3_ablation,archive,255156
all_sources/experiments_figures__experiments__figures__p95_mamba_seq_compare_20260226_171451__P95_MAMBA_S42_SEQ6_2017-07-13_02_00_00_P95_MAMBA_S42_SEQ6_2017-07-13_02_00_00.png,experiments/figures/p95_mamba_seq_compare_20260226_171451/P95_MAMBA_S42_SEQ6_2017-07-13_02_00_00_P95_MAMBA_S42_SEQ6_2017-07-13_02_00_00.png,experiments_figures,exp3_ablation,archive,257572
all_sources/experiments_figures__experiments__figures__p95_mamba_seq_compare_20260226_171451__P95_MAMBA_S42_SEQ6_2017-07-13_16_00_00_P95_MAMBA_S42_SEQ6_2017-07-13_16_00_00.png,experiments/figures/p95_mamba_seq_compare_20260226_171451/P95_MAMBA_S42_SEQ6_2017-07-13_16_00_00_P95_MAMBA_S42_SEQ6_2017-07-13_16_00_00.png,experiments_figures,exp3_ablation,archive,263360
all_sources/experiments_figures__experiments__figures__p95_mamba_seq_compare_20260226_171451__P95_MAMBA_S42_SEQ6_2017-08-15_03_00_00_P95_MAMBA_S42_SEQ6_2017-08-15_03_00_00.png,experiments/figures/p95_mamba_seq_compare_20260226_171451/P95_MAMBA_S42_SEQ6_2017-08-15_03_00_00_P95_MAMBA_S42_SEQ6_2017-08-15_03_00_00.png,experiments_figures,exp3_ablation,archive,259267
all_sources/experiments_figures__experiments__figures__p95_mamba_seq_compare_20260226_171451__P95_MAMBA_S42_SEQ6_2017-08-15_15_00_00_P95_MAMBA_S42_SEQ6_2017-08-15_15_00_00.png,experiments/figures/p95_mamba_seq_compare_20260226_171451/P95_MAMBA_S42_SEQ6_2017-08-15_15_00_00_P95_MAMBA_S42_SEQ6_2017-08-15_15_00_00.png,experiments_figures,exp3_ablation,archive,248984
all_sources/experiments_figures__experiments__figures__result_Ablation_LSTM_Legacy.png,experiments/figures/result_Ablation_LSTM_Legacy.png,experiments_figures,exp3_ablation,archive,245326
all_sources/experiments_figures__experiments__figures__result_Ablation_MAMBA_Legacy.png,experiments/figures/result_Ablation_MAMBA_Legacy.png,experiments_figures,exp3_ablation,archive,260464
all_sources/experiments_figures__experiments__figures__result_Ablation_MAMBA_Legacy_S42_SEQ12.png,experiments/figures/result_Ablation_MAMBA_Legacy_S42_SEQ12.png,experiments_figures,exp3_ablation,archive,176784
all_sources/experiments_figures__experiments__figures__result_Ablation_TRANSFORMER_Legacy.png,experiments/figures/result_Ablation_TRANSFORMER_Legacy.png,experiments_figures,exp3_ablation,archive,307720
all_sources/experiments_figures__experiments__figures__result_Ablation_UNET_Legacy.png,experiments/figures/result_Ablation_UNET_Legacy.png,experiments_figures,exp3_ablation,archive,262352
all_sources/experiments_figures__experiments__figures__tiles_ablation_updated_best_metrics.png,experiments/figures/tiles_ablation_updated_best_metrics.png,experiments_figures,exp3_ablation,archive,71554
all_sources/experiments_figures__experiments__figures__tiles_ablation_updated_curves.png,experiments/figures/tiles_ablation_updated_curves.png,experiments_figures,exp3_ablation,archive,241951
all_sources/imagenes__imagenes__F8_experiment3_fullframe.png,imagenes/F8_experiment3_fullframe.png,imagenes,exp3_ablation,primary,696147
all_sources/paper_final__experiments__eval_outputs__paper_figures_final__fig_exp3_bottleneck_ablation.pdf,experiments/eval_outputs/paper_figures_final/fig_exp3_bottleneck_ablation.pdf,paper_final,exp3_ablation,primary,15812
all_sources/paper_final__experiments__eval_outputs__paper_figures_final__fig_exp3_bottleneck_ablation.png,experiments/eval_outputs/paper_figures_final/fig_exp3_bottleneck_ablation.png,paper_final,exp3_ablation,primary,270980
all_sources/repro_v2__figures__repro_v2__fig_v2_exp3_seq_ablation.pdf,figures/repro_v2/fig_v2_exp3_seq_ablation.pdf,repro_v2,exp3_ablation,primary,19647
all_sources/repro_v2__figures__repro_v2__fig_v2_exp3_seq_ablation.png,figures/repro_v2/fig_v2_exp3_seq_ablation.png,repro_v2,exp3_ablation,primary,336378
all_sources/legacy_pdf__figures__pdf__fig06_seq_len_ablation.pdf,figures/pdf/fig06_seq_len_ablation.pdf,legacy_pdf,exp3_ablation,secondary,48650
all_sources/legacy_pdf__figures__pdf__fig06_seq_len_ablation_dummy_v2.pdf,figures/pdf/fig06_seq_len_ablation_dummy_v2.pdf,legacy_pdf,exp3_ablation,secondary,49789
all_sources/legacy_pdf__figures__pdf__fig06_seq_len_ablation_fullframe.pdf,figures/pdf/fig06_seq_len_ablation_fullframe.pdf,legacy_pdf,exp3_ablation,secondary,48650
all_sources/legacy_pdf__figures__pdf__fig06_seq_len_ablation_real.pdf,figures/pdf/fig06_seq_len_ablation_real.pdf,legacy_pdf,exp3_ablation,secondary,49190
all_sources/legacy_pdf__figures__pdf__fig10_mamba_memory_ablation.pdf,figures/pdf/fig10_mamba_memory_ablation.pdf,legacy_pdf,exp3_ablation,secondary,54280
all_sources/legacy_png__figures__png__fig06_seq_len_ablation.png,figures/png/fig06_seq_len_ablation.png,legacy_png,exp3_ablation,secondary,126430
all_sources/legacy_png__figures__png__fig06_seq_len_ablation_dummy_v2.png,figures/png/fig06_seq_len_ablation_dummy_v2.png,legacy_png,exp3_ablation,secondary,157653
all_sources/legacy_png__figures__png__fig06_seq_len_ablation_fullframe.png,figures/png/fig06_seq_len_ablation_fullframe.png,legacy_png,exp3_ablation,secondary,126430
all_sources/legacy_png__figures__png__fig06_seq_len_ablation_real.png,figures/png/fig06_seq_len_ablation_real.png,legacy_png,exp3_ablation,secondary,125111
all_sources/legacy_png__figures__png__fig10_mamba_memory_ablation.png,figures/png/fig10_mamba_memory_ablation.png,legacy_png,exp3_ablation,secondary,207833
all_sources/presentation__experiments__presentation_figures__fig_mamba_memory_ablation.png,experiments/presentation_figures/fig_mamba_memory_ablation.png,presentation,exp3_ablation,secondary,545812
all_sources/experiments_figures__experiments__figures__batch_compare_all__Hybrid_UNet_LSTM_best_ALL_Hybrid_UNet_LSTM_best.png,experiments/figures/batch_compare_all/Hybrid_UNet_LSTM_best_ALL_Hybrid_UNet_LSTM_best.png,experiments_figures,supporting_misc,archive,450452
all_sources/experiments_figures__experiments__figures__batch_compare_all__Tiles_MAMBA_best_ALL_Tiles_MAMBA_best.png,experiments/figures/batch_compare_all/Tiles_MAMBA_best_ALL_Tiles_MAMBA_best.png,experiments_figures,supporting_misc,archive,487656
all_sources/experiments_figures__experiments__figures__batch_compare_all__UNet_Mamba_best_ALL_UNet_Mamba_best.png,experiments/figures/batch_compare_all/UNet_Mamba_best_ALL_UNet_Mamba_best.png,experiments_figures,supporting_misc,archive,476619
all_sources/experiments_figures__experiments__figures__batch_compare_all__UNet_best_ALL_UNet_best.png,experiments/figures/batch_compare_all/UNet_best_ALL_UNet_best.png,experiments_figures,supporting_misc,archive,435266
all_sources/experiments_figures__experiments__figures__batch_compare_all_v2__ConvLSTM_best_ALL2_ConvLSTM_best.png,experiments/figures/batch_compare_all_v2/ConvLSTM_best_ALL2_ConvLSTM_best.png,experiments_figures,supporting_misc,archive,453846
all_sources/experiments_figures__experiments__figures__batch_compare_all_v2__Hybrid_UNet_LSTM_best_ALL2_Hybrid_UNet_LSTM_best.png,experiments/figures/batch_compare_all_v2/Hybrid_UNet_LSTM_best_ALL2_Hybrid_UNet_LSTM_best.png,experiments_figures,supporting_misc,archive,450887
all_sources/experiments_figures__experiments__figures__batch_compare_all_v2__Tiles_MAMBA_best_ALL2_Tiles_MAMBA_best.png,experiments/figures/batch_compare_all_v2/Tiles_MAMBA_best_ALL2_Tiles_MAMBA_best.png,experiments_figures,supporting_misc,archive,487967
all_sources/experiments_figures__experiments__figures__batch_compare_all_v2__UNet_Mamba_best_ALL2_UNet_Mamba_best.png,experiments/figures/batch_compare_all_v2/UNet_Mamba_best_ALL2_UNet_Mamba_best.png,experiments_figures,supporting_misc,archive,477030
all_sources/experiments_figures__experiments__figures__batch_compare_all_v2__UNet_best_ALL2_UNet_best.png,experiments/figures/batch_compare_all_v2/UNet_best_ALL2_UNet_best.png,experiments_figures,supporting_misc,archive,435750
all_sources/experiments_figures__experiments__figures__comparativa_final.png,experiments/figures/comparativa_final.png,experiments_figures,supporting_misc,archive,60252
all_sources/experiments_figures__experiments__figures__hr_lr_random_time.png,experiments/figures/hr_lr_random_time.png,experiments_figures,supporting_misc,archive,268975
all_sources/experiments_figures__experiments__figures__hr_random_time.png,experiments/figures/hr_random_time.png,experiments_figures,supporting_misc,archive,279836
all_sources/experiments_figures__experiments__figures__inference_new_format_Inference_M4_NewViz.png,experiments/figures/inference_new_format_Inference_M4_NewViz.png,experiments_figures,supporting_misc,archive,487325
all_sources/experiments_figures__experiments__figures__p95_eval_20260216_153933__Tiles_LSTM_2017-06-28_01_00_00_Tiles_LSTM_2017-06-28_01_00_00.png,experiments/figures/p95_eval_20260216_153933/Tiles_LSTM_2017-06-28_01_00_00_Tiles_LSTM_2017-06-28_01_00_00.png,experiments_figures,supporting_misc,archive,261709
all_sources/experiments_figures__experiments__figures__p95_eval_20260216_153933__Tiles_LSTM_2017-06-28_15_00_00_Tiles_LSTM_2017-06-28_15_00_00.png,experiments/figures/p95_eval_20260216_153933/Tiles_LSTM_2017-06-28_15_00_00_Tiles_LSTM_2017-06-28_15_00_00.png,experiments_figures,supporting_misc,archive,234466
all_sources/experiments_figures__experiments__figures__p95_eval_20260216_153933__Tiles_LSTM_2017-07-13_02_00_00_Tiles_LSTM_2017-07-13_02_00_00.png,experiments/figures/p95_eval_20260216_153933/Tiles_LSTM_2017-07-13_02_00_00_Tiles_LSTM_2017-07-13_02_00_00.png,experiments_figures,supporting_misc,archive,235553
all_sources/experiments_figures__experiments__figures__p95_eval_20260216_153933__Tiles_LSTM_2017-07-13_16_00_00_Tiles_LSTM_2017-07-13_16_00_00.png,experiments/figures/p95_eval_20260216_153933/Tiles_LSTM_2017-07-13_16_00_00_Tiles_LSTM_2017-07-13_16_00_00.png,experiments_figures,supporting_misc,archive,246988
all_sources/experiments_figures__experiments__figures__p95_eval_20260216_153933__Tiles_LSTM_2017-08-15_03_00_00_Tiles_LSTM_2017-08-15_03_00_00.png,experiments/figures/p95_eval_20260216_153933/Tiles_LSTM_2017-08-15_03_00_00_Tiles_LSTM_2017-08-15_03_00_00.png,experiments_figures,supporting_misc,archive,247075
all_sources/experiments_figures__experiments__figures__p95_eval_20260216_153933__Tiles_LSTM_2017-08-15_15_00_00_Tiles_LSTM_2017-08-15_15_00_00.png,experiments/figures/p95_eval_20260216_153933/Tiles_LSTM_2017-08-15_15_00_00_Tiles_LSTM_2017-08-15_15_00_00.png,experiments_figures,supporting_misc,archive,247519
all_sources/experiments_figures__experiments__figures__p95_eval_20260216_153933__Tiles_MAMBA_2017-06-28_01_00_00_Tiles_MAMBA_2017-06-28_01_00_00.png,experiments/figures/p95_eval_20260216_153933/Tiles_MAMBA_2017-06-28_01_00_00_Tiles_MAMBA_2017-06-28_01_00_00.png,experiments_figures,supporting_misc,archive,262431
all_sources/experiments_figures__experiments__figures__p95_eval_20260216_153933__Tiles_MAMBA_2017-06-28_15_00_00_Tiles_MAMBA_2017-06-28_15_00_00.png,experiments/figures/p95_eval_20260216_153933/Tiles_MAMBA_2017-06-28_15_00_00_Tiles_MAMBA_2017-06-28_15_00_00.png,experiments_figures,supporting_misc,archive,235231
all_sources/experiments_figures__experiments__figures__p95_eval_20260216_153933__Tiles_MAMBA_2017-07-13_02_00_00_Tiles_MAMBA_2017-07-13_02_00_00.png,experiments/figures/p95_eval_20260216_153933/Tiles_MAMBA_2017-07-13_02_00_00_Tiles_MAMBA_2017-07-13_02_00_00.png,experiments_figures,supporting_misc,archive,236334
all_sources/experiments_figures__experiments__figures__p95_eval_20260216_153933__Tiles_MAMBA_2017-07-13_16_00_00_Tiles_MAMBA_2017-07-13_16_00_00.png,experiments/figures/p95_eval_20260216_153933/Tiles_MAMBA_2017-07-13_16_00_00_Tiles_MAMBA_2017-07-13_16_00_00.png,experiments_figures,supporting_misc,archive,247762
all_sources/experiments_figures__experiments__figures__p95_eval_20260216_153933__Tiles_MAMBA_2017-08-15_03_00_00_Tiles_MAMBA_2017-08-15_03_00_00.png,experiments/figures/p95_eval_20260216_153933/Tiles_MAMBA_2017-08-15_03_00_00_Tiles_MAMBA_2017-08-15_03_00_00.png,experiments_figures,supporting_misc,archive,247848
all_sources/experiments_figures__experiments__figures__p95_eval_20260216_153933__Tiles_MAMBA_2017-08-15_15_00_00_Tiles_MAMBA_2017-08-15_15_00_00.png,experiments/figures/p95_eval_20260216_153933/Tiles_MAMBA_2017-08-15_15_00_00_Tiles_MAMBA_2017-08-15_15_00_00.png,experiments_figures,supporting_misc,archive,248207
all_sources/experiments_figures__experiments__figures__p95_eval_20260216_153933__Tiles_TRANSFORMER_2017-06-28_01_00_00_Tiles_TRANSFORMER_2017-06-28_01_00_00.png,experiments/figures/p95_eval_20260216_153933/Tiles_TRANSFORMER_2017-06-28_01_00_00_Tiles_TRANSFORMER_2017-06-28_01_00_00.png,experiments_figures,supporting_misc,archive,263671
all_sources/experiments_figures__experiments__figures__p95_eval_20260216_153933__Tiles_TRANSFORMER_2017-06-28_15_00_00_Tiles_TRANSFORMER_2017-06-28_15_00_00.png,experiments/figures/p95_eval_20260216_153933/Tiles_TRANSFORMER_2017-06-28_15_00_00_Tiles_TRANSFORMER_2017-06-28_15_00_00.png,experiments_figures,supporting_misc,archive,236764
all_sources/experiments_figures__experiments__figures__p95_eval_20260216_153933__Tiles_TRANSFORMER_2017-07-13_02_00_00_Tiles_TRANSFORMER_2017-07-13_02_00_00.png,experiments/figures/p95_eval_20260216_153933/Tiles_TRANSFORMER_2017-07-13_02_00_00_Tiles_TRANSFORMER_2017-07-13_02_00_00.png,experiments_figures,supporting_misc,archive,237863
all_sources/experiments_figures__experiments__figures__p95_eval_20260216_153933__Tiles_TRANSFORMER_2017-07-13_16_00_00_Tiles_TRANSFORMER_2017-07-13_16_00_00.png,experiments/figures/p95_eval_20260216_153933/Tiles_TRANSFORMER_2017-07-13_16_00_00_Tiles_TRANSFORMER_2017-07-13_16_00_00.png,experiments_figures,supporting_misc,archive,249215
all_sources/experiments_figures__experiments__figures__p95_eval_20260216_153933__Tiles_TRANSFORMER_2017-08-15_03_00_00_Tiles_TRANSFORMER_2017-08-15_03_00_00.png,experiments/figures/p95_eval_20260216_153933/Tiles_TRANSFORMER_2017-08-15_03_00_00_Tiles_TRANSFORMER_2017-08-15_03_00_00.png,experiments_figures,supporting_misc,archive,249393
all_sources/experiments_figures__experiments__figures__p95_eval_20260216_153933__Tiles_TRANSFORMER_2017-08-15_15_00_00_Tiles_TRANSFORMER_2017-08-15_15_00_00.png,experiments/figures/p95_eval_20260216_153933/Tiles_TRANSFORMER_2017-08-15_15_00_00_Tiles_TRANSFORMER_2017-08-15_15_00_00.png,experiments_figures,supporting_misc,archive,249675
all_sources/experiments_figures__experiments__figures__p95_eval_20260216_153933__Tiles_UNET_2017-06-28_01_00_00_Tiles_UNET_2017-06-28_01_00_00.png,experiments/figures/p95_eval_20260216_153933/Tiles_UNET_2017-06-28_01_00_00_Tiles_UNET_2017-06-28_01_00_00.png,experiments_figures,supporting_misc,archive,261227
all_sources/experiments_figures__experiments__figures__p95_eval_20260216_153933__Tiles_UNET_2017-06-28_15_00_00_Tiles_UNET_2017-06-28_15_00_00.png,experiments/figures/p95_eval_20260216_153933/Tiles_UNET_2017-06-28_15_00_00_Tiles_UNET_2017-06-28_15_00_00.png,experiments_figures,supporting_misc,archive,234091
all_sources/experiments_figures__experiments__figures__p95_eval_20260216_153933__Tiles_UNET_2017-07-13_02_00_00_Tiles_UNET_2017-07-13_02_00_00.png,experiments/figures/p95_eval_20260216_153933/Tiles_UNET_2017-07-13_02_00_00_Tiles_UNET_2017-07-13_02_00_00.png,experiments_figures,supporting_misc,archive,235195
all_sources/experiments_figures__experiments__figures__p95_eval_20260216_153933__Tiles_UNET_2017-07-13_16_00_00_Tiles_UNET_2017-07-13_16_00_00.png,experiments/figures/p95_eval_20260216_153933/Tiles_UNET_2017-07-13_16_00_00_Tiles_UNET_2017-07-13_16_00_00.png,experiments_figures,supporting_misc,archive,246694
all_sources/experiments_figures__experiments__figures__p95_eval_20260216_153933__Tiles_UNET_2017-08-15_03_00_00_Tiles_UNET_2017-08-15_03_00_00.png,experiments/figures/p95_eval_20260216_153933/Tiles_UNET_2017-08-15_03_00_00_Tiles_UNET_2017-08-15_03_00_00.png,experiments_figures,supporting_misc,archive,246731
all_sources/experiments_figures__experiments__figures__p95_eval_20260216_153933__Tiles_UNET_2017-08-15_15_00_00_Tiles_UNET_2017-08-15_15_00_00.png,experiments/figures/p95_eval_20260216_153933/Tiles_UNET_2017-08-15_15_00_00_Tiles_UNET_2017-08-15_15_00_00.png,experiments_figures,supporting_misc,archive,247059
all_sources/experiments_figures__experiments__figures__p95_eval_20260216_210822__Tiles_LSTM_2017-06-28_01_00_00_Tiles_LSTM_2017-06-28_01_00_00.png,experiments/figures/p95_eval_20260216_210822/Tiles_LSTM_2017-06-28_01_00_00_Tiles_LSTM_2017-06-28_01_00_00.png,experiments_figures,supporting_misc,archive,263950
all_sources/experiments_figures__experiments__figures__p95_eval_20260216_210822__Tiles_LSTM_2017-06-28_15_00_00_Tiles_LSTM_2017-06-28_15_00_00.png,experiments/figures/p95_eval_20260216_210822/Tiles_LSTM_2017-06-28_15_00_00_Tiles_LSTM_2017-06-28_15_00_00.png,experiments_figures,supporting_misc,archive,252477
all_sources/experiments_figures__experiments__figures__p95_eval_20260216_210822__Tiles_LSTM_2017-07-13_02_00_00_Tiles_LSTM_2017-07-13_02_00_00.png,experiments/figures/p95_eval_20260216_210822/Tiles_LSTM_2017-07-13_02_00_00_Tiles_LSTM_2017-07-13_02_00_00.png,experiments_figures,supporting_misc,archive,264297
all_sources/experiments_figures__experiments__figures__p95_eval_20260216_210822__Tiles_LSTM_2017-07-13_16_00_00_Tiles_LSTM_2017-07-13_16_00_00.png,experiments/figures/p95_eval_20260216_210822/Tiles_LSTM_2017-07-13_16_00_00_Tiles_LSTM_2017-07-13_16_00_00.png,experiments_figures,supporting_misc,archive,264692
all_sources/experiments_figures__experiments__figures__p95_eval_20260216_210822__Tiles_LSTM_2017-08-15_03_00_00_Tiles_LSTM_2017-08-15_03_00_00.png,experiments/figures/p95_eval_20260216_210822/Tiles_LSTM_2017-08-15_03_00_00_Tiles_LSTM_2017-08-15_03_00_00.png,experiments_figures,supporting_misc,archive,216109
all_sources/experiments_figures__experiments__figures__p95_eval_20260216_210822__Tiles_LSTM_2017-08-15_15_00_00_Tiles_LSTM_2017-08-15_15_00_00.png,experiments/figures/p95_eval_20260216_210822/Tiles_LSTM_2017-08-15_15_00_00_Tiles_LSTM_2017-08-15_15_00_00.png,experiments_figures,supporting_misc,archive,279178
all_sources/experiments_figures__experiments__figures__p95_eval_20260216_210822__Tiles_MAMBA_2017-06-28_01_00_00_Tiles_MAMBA_2017-06-28_01_00_00.png,experiments/figures/p95_eval_20260216_210822/Tiles_MAMBA_2017-06-28_01_00_00_Tiles_MAMBA_2017-06-28_01_00_00.png,experiments_figures,supporting_misc,archive,262431
all_sources/experiments_figures__experiments__figures__p95_eval_20260216_210822__Tiles_MAMBA_2017-06-28_15_00_00_Tiles_MAMBA_2017-06-28_15_00_00.png,experiments/figures/p95_eval_20260216_210822/Tiles_MAMBA_2017-06-28_15_00_00_Tiles_MAMBA_2017-06-28_15_00_00.png,experiments_figures,supporting_misc,archive,235231
all_sources/experiments_figures__experiments__figures__p95_eval_20260216_210822__Tiles_MAMBA_2017-07-13_02_00_00_Tiles_MAMBA_2017-07-13_02_00_00.png,experiments/figures/p95_eval_20260216_210822/Tiles_MAMBA_2017-07-13_02_00_00_Tiles_MAMBA_2017-07-13_02_00_00.png,experiments_figures,supporting_misc,archive,236334
all_sources/experiments_figures__experiments__figures__p95_eval_20260216_210822__Tiles_MAMBA_2017-07-13_16_00_00_Tiles_MAMBA_2017-07-13_16_00_00.png,experiments/figures/p95_eval_20260216_210822/Tiles_MAMBA_2017-07-13_16_00_00_Tiles_MAMBA_2017-07-13_16_00_00.png,experiments_figures,supporting_misc,archive,247762
all_sources/experiments_figures__experiments__figures__p95_eval_20260216_210822__Tiles_MAMBA_2017-08-15_03_00_00_Tiles_MAMBA_2017-08-15_03_00_00.png,experiments/figures/p95_eval_20260216_210822/Tiles_MAMBA_2017-08-15_03_00_00_Tiles_MAMBA_2017-08-15_03_00_00.png,experiments_figures,supporting_misc,archive,247848
all_sources/experiments_figures__experiments__figures__p95_eval_20260216_210822__Tiles_MAMBA_2017-08-15_15_00_00_Tiles_MAMBA_2017-08-15_15_00_00.png,experiments/figures/p95_eval_20260216_210822/Tiles_MAMBA_2017-08-15_15_00_00_Tiles_MAMBA_2017-08-15_15_00_00.png,experiments_figures,supporting_misc,archive,248207
all_sources/experiments_figures__experiments__figures__p95_eval_20260216_210822__Tiles_TRANSFORMER_2017-06-28_01_00_00_Tiles_TRANSFORMER_2017-06-28_01_00_00.png,experiments/figures/p95_eval_20260216_210822/Tiles_TRANSFORMER_2017-06-28_01_00_00_Tiles_TRANSFORMER_2017-06-28_01_00_00.png,experiments_figures,supporting_misc,archive,227344
all_sources/experiments_figures__experiments__figures__p95_eval_20260216_210822__Tiles_TRANSFORMER_2017-06-28_15_00_00_Tiles_TRANSFORMER_2017-06-28_15_00_00.png,experiments/figures/p95_eval_20260216_210822/Tiles_TRANSFORMER_2017-06-28_15_00_00_Tiles_TRANSFORMER_2017-06-28_15_00_00.png,experiments_figures,supporting_misc,archive,224187
all_sources/experiments_figures__experiments__figures__p95_eval_20260216_210822__Tiles_TRANSFORMER_2017-07-13_02_00_00_Tiles_TRANSFORMER_2017-07-13_02_00_00.png,experiments/figures/p95_eval_20260216_210822/Tiles_TRANSFORMER_2017-07-13_02_00_00_Tiles_TRANSFORMER_2017-07-13_02_00_00.png,experiments_figures,supporting_misc,archive,223830
all_sources/experiments_figures__experiments__figures__p95_eval_20260216_210822__Tiles_TRANSFORMER_2017-07-13_16_00_00_Tiles_TRANSFORMER_2017-07-13_16_00_00.png,experiments/figures/p95_eval_20260216_210822/Tiles_TRANSFORMER_2017-07-13_16_00_00_Tiles_TRANSFORMER_2017-07-13_16_00_00.png,experiments_figures,supporting_misc,archive,231021
all_sources/experiments_figures__experiments__figures__p95_eval_20260216_210822__Tiles_TRANSFORMER_2017-08-15_03_00_00_Tiles_TRANSFORMER_2017-08-15_03_00_00.png,experiments/figures/p95_eval_20260216_210822/Tiles_TRANSFORMER_2017-08-15_03_00_00_Tiles_TRANSFORMER_2017-08-15_03_00_00.png,experiments_figures,supporting_misc,archive,222894
all_sources/experiments_figures__experiments__figures__p95_eval_20260216_210822__Tiles_TRANSFORMER_2017-08-15_15_00_00_Tiles_TRANSFORMER_2017-08-15_15_00_00.png,experiments/figures/p95_eval_20260216_210822/Tiles_TRANSFORMER_2017-08-15_15_00_00_Tiles_TRANSFORMER_2017-08-15_15_00_00.png,experiments_figures,supporting_misc,archive,255107
all_sources/experiments_figures__experiments__figures__p95_eval_20260216_210822__Tiles_UNET_2017-06-28_01_00_00_Tiles_UNET_2017-06-28_01_00_00.png,experiments/figures/p95_eval_20260216_210822/Tiles_UNET_2017-06-28_01_00_00_Tiles_UNET_2017-06-28_01_00_00.png,experiments_figures,supporting_misc,archive,262501
all_sources/experiments_figures__experiments__figures__p95_eval_20260216_210822__Tiles_UNET_2017-06-28_15_00_00_Tiles_UNET_2017-06-28_15_00_00.png,experiments/figures/p95_eval_20260216_210822/Tiles_UNET_2017-06-28_15_00_00_Tiles_UNET_2017-06-28_15_00_00.png,experiments_figures,supporting_misc,archive,236032
all_sources/experiments_figures__experiments__figures__p95_eval_20260216_210822__Tiles_UNET_2017-07-13_02_00_00_Tiles_UNET_2017-07-13_02_00_00.png,experiments/figures/p95_eval_20260216_210822/Tiles_UNET_2017-07-13_02_00_00_Tiles_UNET_2017-07-13_02_00_00.png,experiments_figures,supporting_misc,archive,237505
all_sources/experiments_figures__experiments__figures__p95_eval_20260216_210822__Tiles_UNET_2017-07-13_16_00_00_Tiles_UNET_2017-07-13_16_00_00.png,experiments/figures/p95_eval_20260216_210822/Tiles_UNET_2017-07-13_16_00_00_Tiles_UNET_2017-07-13_16_00_00.png,experiments_figures,supporting_misc,archive,239751
all_sources/experiments_figures__experiments__figures__p95_eval_20260216_210822__Tiles_UNET_2017-08-15_03_00_00_Tiles_UNET_2017-08-15_03_00_00.png,experiments/figures/p95_eval_20260216_210822/Tiles_UNET_2017-08-15_03_00_00_Tiles_UNET_2017-08-15_03_00_00.png,experiments_figures,supporting_misc,archive,256716
all_sources/experiments_figures__experiments__figures__p95_eval_20260216_210822__Tiles_UNET_2017-08-15_15_00_00_Tiles_UNET_2017-08-15_15_00_00.png,experiments/figures/p95_eval_20260216_210822/Tiles_UNET_2017-08-15_15_00_00_Tiles_UNET_2017-08-15_15_00_00.png,experiments_figures,supporting_misc,archive,256162
all_sources/experiments_figures__experiments__figures__ppt_preview__slide22.jpg,experiments/figures/ppt_preview/slide22.jpg,experiments_figures,supporting_misc,archive,166613
all_sources/experiments_figures__experiments__figures__ppt_preview__slide23.jpg,experiments/figures/ppt_preview/slide23.jpg,experiments_figures,supporting_misc,archive,681291
all_sources/experiments_figures__experiments__figures__ppt_preview__slide24.jpg,experiments/figures/ppt_preview/slide24.jpg,experiments_figures,supporting_misc,archive,730397
all_sources/experiments_figures__experiments__figures__ppt_update__fig08_first_frame.png,experiments/figures/ppt_update/fig08_first_frame.png,experiments_figures,supporting_misc,archive,89339
all_sources/experiments_figures__experiments__figures__ppt_update__slide23_new.jpg,experiments/figures/ppt_update/slide23_new.jpg,experiments_figures,supporting_misc,archive,455999
all_sources/experiments_figures__experiments__figures__ppt_update__slide23_new_v2.jpg,experiments/figures/ppt_update/slide23_new_v2.jpg,experiments_figures,supporting_misc,archive,670639
all_sources/experiments_figures__experiments__figures__ppt_update__slide24_metrics_alt.jpg,experiments/figures/ppt_update/slide24_metrics_alt.jpg,experiments_figures,supporting_misc,archive,284081
all_sources/experiments_figures__experiments__figures__ppt_update__slide24_new.jpg,experiments/figures/ppt_update/slide24_new.jpg,experiments_figures,supporting_misc,archive,352774
all_sources/experiments_figures__experiments__figures__ppt_update__slide24_new_v2.jpg,experiments/figures/ppt_update/slide24_new_v2.jpg,experiments_figures,supporting_misc,archive,588246
all_sources/experiments_figures__experiments__figures__ppt_update__verify_v2__slide22_v2.jpg,experiments/figures/ppt_update/verify_v2/slide22_v2.jpg,experiments_figures,supporting_misc,archive,166613
all_sources/experiments_figures__experiments__figures__ppt_update__verify_v2__slide23_v2.jpg,experiments/figures/ppt_update/verify_v2/slide23_v2.jpg,experiments_figures,supporting_misc,archive,670639
all_sources/experiments_figures__experiments__figures__ppt_update__verify_v2__slide24_v2.jpg,experiments/figures/ppt_update/verify_v2/slide24_v2.jpg,experiments_figures,supporting_misc,archive,588246
all_sources/experiments_figures__experiments__figures__tiles_fullframe_pred_TilesFullFrame_MAMBA_v1.png,experiments/figures/tiles_fullframe_pred_TilesFullFrame_MAMBA_v1.png,experiments_figures,supporting_misc,archive,296178
all_sources/experiments_figures__experiments__figures__tiles_mamba_pred_Tiles_MAMBA_best.png,experiments/figures/tiles_mamba_pred_Tiles_MAMBA_best.png,experiments_figures,supporting_misc,archive,402029
all_sources/experiments_figures__experiments__figures__tiles_model_comparison_panel_2x3.png,experiments/figures/tiles_model_comparison_panel_2x3.png,experiments_figures,supporting_misc,archive,596594
all_sources/experiments_figures__experiments__figures__tiles_post_train_Tiles_BASELINE_BILINEAR.png,experiments/figures/tiles_post_train_Tiles_BASELINE_BILINEAR.png,experiments_figures,supporting_misc,archive,161838
all_sources/experiments_figures__experiments__figures__tiles_post_train_Tiles_BASELINE_NEAREST.png,experiments/figures/tiles_post_train_Tiles_BASELINE_NEAREST.png,experiments_figures,supporting_misc,archive,153864
all_sources/experiments_figures__experiments__figures__tiles_post_train_Tiles_LSTM.png,experiments/figures/tiles_post_train_Tiles_LSTM.png,experiments_figures,supporting_misc,archive,254835
all_sources/experiments_figures__experiments__figures__tiles_post_train_Tiles_MAMBA.png,experiments/figures/tiles_post_train_Tiles_MAMBA.png,experiments_figures,supporting_misc,archive,234930
all_sources/experiments_figures__experiments__figures__tiles_post_train_Tiles_TRANSFORMER.png,experiments/figures/tiles_post_train_Tiles_TRANSFORMER.png,experiments_figures,supporting_misc,archive,261072
all_sources/experiments_figures__experiments__figures__tiles_post_train_Tiles_UNET.png,experiments/figures/tiles_post_train_Tiles_UNET.png,experiments_figures,supporting_misc,archive,239825
all_sources/experiments_figures__experiments__figures__tiles_post_train_publish_Tiles_BASELINE_BILINEAR_PUB.png,experiments/figures/tiles_post_train_publish_Tiles_BASELINE_BILINEAR_PUB.png,experiments_figures,supporting_misc,archive,163779
all_sources/experiments_figures__experiments__figures__tiles_post_train_publish_Tiles_BASELINE_NEAREST_PUB.png,experiments/figures/tiles_post_train_publish_Tiles_BASELINE_NEAREST_PUB.png,experiments_figures,supporting_misc,archive,156041
all_sources/experiments_figures__experiments__figures__tiles_post_train_publish_Tiles_LSTM_PUB.png,experiments/figures/tiles_post_train_publish_Tiles_LSTM_PUB.png,experiments_figures,supporting_misc,archive,254781
all_sources/experiments_figures__experiments__figures__tiles_post_train_publish_Tiles_MAMBA_PUB.png,experiments/figures/tiles_post_train_publish_Tiles_MAMBA_PUB.png,experiments_figures,supporting_misc,archive,229517
all_sources/experiments_figures__experiments__figures__tiles_post_train_publish_Tiles_TRANSFORMER_PUB.png,experiments/figures/tiles_post_train_publish_Tiles_TRANSFORMER_PUB.png,experiments_figures,supporting_misc,archive,156472
all_sources/experiments_figures__experiments__figures__tiles_post_train_publish_Tiles_TRANSFORMER_RETRAINED_PUB.png,experiments/figures/tiles_post_train_publish_Tiles_TRANSFORMER_RETRAINED_PUB.png,experiments_figures,supporting_misc,archive,262258
all_sources/experiments_figures__experiments__figures__tiles_post_train_publish_Tiles_UNET_PUB.png,experiments/figures/tiles_post_train_publish_Tiles_UNET_PUB.png,experiments_figures,supporting_misc,archive,238267
all_sources/experiments_figures__experiments__figures__tiles_post_train_scaled_Tiles_BASELINE_BILINEAR.png,experiments/figures/tiles_post_train_scaled_Tiles_BASELINE_BILINEAR.png,experiments_figures,supporting_misc,archive,162864
all_sources/experiments_figures__experiments__figures__tiles_post_train_scaled_Tiles_BASELINE_NEAREST.png,experiments/figures/tiles_post_train_scaled_Tiles_BASELINE_NEAREST.png,experiments_figures,supporting_misc,archive,155184
all_sources/experiments_figures__experiments__figures__tiles_post_train_scaled_Tiles_LSTM.png,experiments/figures/tiles_post_train_scaled_Tiles_LSTM.png,experiments_figures,supporting_misc,archive,253760
all_sources/experiments_figures__experiments__figures__tiles_post_train_scaled_Tiles_MAMBA.png,experiments/figures/tiles_post_train_scaled_Tiles_MAMBA.png,experiments_figures,supporting_misc,archive,235057
all_sources/experiments_figures__experiments__figures__tiles_post_train_scaled_Tiles_TRANSFORMER.png,experiments/figures/tiles_post_train_scaled_Tiles_TRANSFORMER.png,experiments_figures,supporting_misc,archive,250437
all_sources/experiments_figures__experiments__figures__tiles_post_train_scaled_Tiles_UNET.png,experiments/figures/tiles_post_train_scaled_Tiles_UNET.png,experiments_figures,supporting_misc,archive,237284
all_sources/legacy_pdf__figures__pdf__fig02_real_data_20170615T210000.pdf,figures/pdf/fig02_real_data_20170615T210000.pdf,legacy_pdf,supporting_misc,secondary,124256
all_sources/legacy_pdf__figures__pdf__fig02_real_data_20170615T210000_with_secondary.pdf,figures/pdf/fig02_real_data_20170615T210000_with_secondary.pdf,legacy_pdf,supporting_misc,secondary,149880
all_sources/legacy_pdf__figures__pdf__fig03_real_data_20170615T210000.pdf,figures/pdf/fig03_real_data_20170615T210000.pdf,legacy_pdf,supporting_misc,secondary,362971
all_sources/legacy_pdf__figures__pdf__fig04_mae_comparison_fullframe_aggregate.pdf,figures/pdf/fig04_mae_comparison_fullframe_aggregate.pdf,legacy_pdf,supporting_misc,secondary,48053
all_sources/legacy_pdf__figures__pdf__fig04_mae_comparison_fullframe_raw.pdf,figures/pdf/fig04_mae_comparison_fullframe_raw.pdf,legacy_pdf,supporting_misc,secondary,48053
all_sources/legacy_pdf__figures__pdf__fig09_train_val_curves.pdf,figures/pdf/fig09_train_val_curves.pdf,legacy_pdf,supporting_misc,secondary,51903
all_sources/legacy_pdf__figures__pdf__fig09_train_val_curves_dummy_v2.pdf,figures/pdf/fig09_train_val_curves_dummy_v2.pdf,legacy_pdf,supporting_misc,secondary,51789
all_sources/legacy_pdf__figures__pdf__fig09_train_val_curves_real.pdf,figures/pdf/fig09_train_val_curves_real.pdf,legacy_pdf,supporting_misc,secondary,51903
all_sources/legacy_pdf__figures__pdf__fig11_mamba_spatial_comparison.pdf,figures/pdf/fig11_mamba_spatial_comparison.pdf,legacy_pdf,supporting_misc,secondary,245825
all_sources/legacy_png__figures__png__fig02_real_data_20170615T210000.png,figures/png/fig02_real_data_20170615T210000.png,legacy_png,supporting_misc,secondary,270795
all_sources/legacy_png__figures__png__fig02_real_data_20170615T210000_with_secondary.png,figures/png/fig02_real_data_20170615T210000_with_secondary.png,legacy_png,supporting_misc,secondary,336805
all_sources/legacy_png__figures__png__fig03_real_data_20170615T210000.png,figures/png/fig03_real_data_20170615T210000.png,legacy_png,supporting_misc,secondary,884390
all_sources/legacy_png__figures__png__fig04_mae_comparison_fullframe_aggregate.png,figures/png/fig04_mae_comparison_fullframe_aggregate.png,legacy_png,supporting_misc,secondary,88410
all_sources/legacy_png__figures__png__fig04_mae_comparison_fullframe_raw.png,figures/png/fig04_mae_comparison_fullframe_raw.png,legacy_png,supporting_misc,secondary,88410
all_sources/legacy_png__figures__png__fig09_train_val_curves.png,figures/png/fig09_train_val_curves.png,legacy_png,supporting_misc,secondary,263475
all_sources/legacy_png__figures__png__fig09_train_val_curves_dummy_v2.png,figures/png/fig09_train_val_curves_dummy_v2.png,legacy_png,supporting_misc,secondary,272559
all_sources/legacy_png__figures__png__fig09_train_val_curves_real.png,figures/png/fig09_train_val_curves_real.png,legacy_png,supporting_misc,secondary,263475
all_sources/legacy_png__figures__png__fig11_mamba_spatial_comparison.png,figures/png/fig11_mamba_spatial_comparison.png,legacy_png,supporting_misc,secondary,674745
all_sources/presentation__experiments__presentation_figures__fig_a_metrics_comparison.png,experiments/presentation_figures/fig_a_metrics_comparison.png,presentation,supporting_misc,secondary,207260
all_sources/presentation__experiments__presentation_figures__fig_c_training_curves.png,experiments/presentation_figures/fig_c_training_curves.png,presentation,supporting_misc,secondary,123339
all_sources/presentation__experiments__presentation_figures__fig_d_ranking_stability.png,experiments/presentation_figures/fig_d_ranking_stability.png,presentation,supporting_misc,secondary,184034
all_sources/presentation__experiments__presentation_figures__fig_e_mamba_vs_baseline.png,experiments/presentation_figures/fig_e_mamba_vs_baseline.png,presentation,supporting_misc,secondary,474322
all_sources/presentation__experiments__presentation_figures__fig_f_temporal_mae_profile.png,experiments/presentation_figures/fig_f_temporal_mae_profile.png,presentation,supporting_misc,secondary,174420
all_sources/presentation__experiments__presentation_figures__fig_g_fullframe_comparison.png,experiments/presentation_figures/fig_g_fullframe_comparison.png,presentation,supporting_misc,secondary,765072
all_sources/presentation__experiments__presentation_figures__fig_h_train_val_curves.png,experiments/presentation_figures/fig_h_train_val_curves.png,presentation,supporting_misc,secondary,547945
all_sources/presentation__experiments__presentation_figures__fig_mamba_spatial_comparison.png,experiments/presentation_figures/fig_mamba_spatial_comparison.png,presentation,supporting_misc,secondary,387048
